,MAP (Global AP),AUC-ROC,Training_Time (s)
XGBoost,0.9034717399526625,0.9568849959334209,1.6548504829406738
LightGBM,0.9016072128815142,0.9558222216049126,8.004791021347046
LogisticRegression,0.9001245349967202,0.9530922229869094,0.20337653160095215
SVM,0.899792847784453,0.9527853669059068,988.8723170757294
RandomForest,0.8858104483972664,0.9495849711204316,8.902031183242798
